id,stockid_i,stockid_j,date1,time1,lnA_B,lnA_BsubC,lnA_BaddC,close_1,close_2,pearson_,norm_,avg_,stdev_,sample,commission,norm_num,open_,close_,clsoe_stats,values
0,EURAUD,GBPAUD,2015.11.18,19:00,-0.3577746079967689,-0.35730907814557106,-0.35823992123076237,1.50236,2.14859,,,,,100,0.001,0.9,0,0,0,0
1,EURAUD,GBPAUD,2015.11.18,19:15,-0.3578677990584821,-0.35740226920728424,-0.35833311229247555,1.50222,2.14859,,,,,100,0.001,0.9,0,0,0,0
2,EURAUD,GBPAUD,2015.11.18,19:30,-0.35792177092598493,-0.3574564706826134,-0.3583868547657287,1.50288,2.14965,,,,,100,0.001,0.9,0,0,0,0
3,EURAUD,GBPAUD,2015.11.18,19:45,-0.35764097588492694,-0.3571753745057853,-0.35810636058030865,1.50233,2.14826,,,,,100,0.001,0.9,0,0,0,0
4,EURAUD,GBPAUD,2015.11.18,20:00,-0.3575072430449365,-0.3570416134820847,-0.3579726558978012,1.50244,2.14813,,,,,100,0.001,0.9,0,0,0,0
5,EURAUD,GBPAUD,2015.11.18,20:15,-0.3574830489764987,-0.35701755379760564,-0.35794832757044553,1.50291,2.14875,,,,,100,0.001,0.9,0,0,0,0
6,EURAUD,GBPAUD,2015.11.18,20:30,-0.3580667474268255,-0.3576012544147799,-0.3585320238559406,1.50204,2.14876,,,,,100,0.001,0.9,0,0,0,0
7,EURAUD,GBPAUD,2015.11.18,20:45,-0.35802763837189017,-0.35756208684787866,-0.3584929732585321,1.50191,2.14849,,,,,100,0.001,0.9,0,0,0,0
8,EURAUD,GBPAUD,2015.11.18,21:00,-0.3571793965085948,-0.356713552203968,-0.3576450239033478,1.50224,2.14714,,,,,100,0.001,0.9,0,0,0,0
9,EURAUD,GBPAUD,2015.11.18,21:15,-0.35742855759163794,-0.35696260909847244,-0.3578942890779153,1.50153,2.14666,,,,,100,0.001,0.9,0,0,0,0
10,EURAUD,GBPAUD,2015.11.18,21:30,-0.35740102578095095,-0.3569352227047498,-0.3578666119856618,1.50204,2.14733,,,,,100,0.001,0.9,0,0,0,0
11,EURAUD,GBPAUD,2015.11.18,21:45,-0.35799684233440227,-0.3575306462065752,-0.35846282122467094,1.49988,2.14552,,,,,100,0.001,0.9,0,0,0,0
12,EURAUD,GBPAUD,2015.11.18,22:00,-0.35766311561184205,-0.3571968042659648,-0.3581292096127946,1.50001,2.14499,,,,,100,0.001,0.9,0,0,0,0
13,EURAUD,GBPAUD,2015.11.18,22:15,-0.35747579190678186,-0.3570090975411128,-0.3579422685704165,1.49906,2.14323,,,,,100,0.001,0.9,0,0,0,0
14,EURAUD,GBPAUD,2015.11.18,22:30,-0.35774893294407994,-0.35728241275628847,-0.35821523559226853,1.49921,2.14403,,,,,100,0.001,0.9,0,0,0,0
15,EURAUD,GBPAUD,2015.11.18,22:45,-0.3579483540243959,-0.3574816030229095,-0.3584148872710183,1.49817,2.14297,,,,,100,0.001,0.9,0,0,0,0
16,EURAUD,GBPAUD,2015.11.18,23:00,-0.3575010489010378,-0.35703402978212745,-0.3579678500148992,1.49798,2.14174,,,,,100,0.001,0.9,0,0,0,0
17,EURAUD,GBPAUD,2015.11.18,23:15,-0.35720662872822834,-0.35673966849074595,-0.3576733710156174,1.49861,2.14201,,,,,100,0.001,0.9,0,0,0,0
18,EURAUD,GBPAUD,2015.11.18,23:30,-0.35697235995591037,-0.3565055239749193,-0.35743897810275704,1.49936,2.14258,,,,,100,0.001,0.9,0,0,0,0
19,EURAUD,GBPAUD,2015.11.18,23:45,-0.3571265155590269,-0.35665959892784554,-0.3575932142808094,1.49887,2.14221,,,,,100,0.001,0.9,0,0,0,0
20,EURAUD,GBPAUD,2015.11.19,00:00,-0.3569196801932954,-0.3564528289562972,-0.3573863135819149,1.49939,2.14251,,,,,100,0.001,0.9,0,0,0,0
21,EURAUD,GBPAUD,2015.11.19,00:15,-0.3568282859617474,-0.3563615197098077,-0.35729483444459664,1.4998,2.1429,,,,,100,0.001,0.9,0,0,0,0
22,EURAUD,GBPAUD,2015.11.19,00:30,-0.35679161235555756,-0.35632485699690053,-0.35725814995528604,1.49989,2.14295,,,,,100,0.001,0.9,0,0,0,0
23,EURAUD,GBPAUD,2015.11.19,00:45,-0.3566856115441484,-0.35621879735572376,-0.3571522079187612,1.49986,2.14268,,,,,100,0.001,0.9,0,0,0,0
24,EURAUD,GBPAUD,2015.11.19,01:00,-0.3564167040324257,-0.3559494339558425,-0.3568837558696572,1.4988,2.14059,,,,,100,0.001,0.9,0,0,0,0
25,EURAUD,GBPAUD,2015.11.19,01:15,-0.35592988691675376,-0.3554622737926204,-0.35639728148105076,1.49843,2.13902,,,,,100,0.001,0.9,0,0,0,0
26,EURAUD,GBPAUD,2015.11.19,01:30,-0.35646869306819323,-0.35600130068846286,-0.35693586709433983,1.49833,2.14003,,,,,100,0.001,0.9,0,0,0,0
27,EURAUD,GBPAUD,2015.11.19,01:45,-0.3562713139318681,-0.35580410061713424,-0.3567383090602561,1.4992,2.14085,,,,,100,0.001,0.9,0,0,0,0
28,EURAUD,GBPAUD,2015.11.19,02:00,-0.3566335589845604,-0.35616619063371513,-0.3571007090042675,1.49816,2.14014,,,,,100,0.001,0.9,0,0,0,0
29,EURAUD,GBPAUD,2015.11.19,02:15,-0.3566502272041992,-0.35618249816045683,-0.3571177375797567,1.49698,2.13849,,,,,100,0.001,0.9,0,0,0,0
30,EURAUD,GBPAUD,2015.11.19,02:30,-0.3562421290858923,-0.35577437160026043,-0.3567096678767509,1.4975,2.13836,,,,,100,0.001,0.9,0,0,0,0
31,EURAUD,GBPAUD,2015.11.19,02:45,-0.35592633584687733,-0.3554581710443189,-0.35639428157371283,1.49667,2.1365,,,,,100,0.001,0.9,0,0,0,0
32,EURAUD,GBPAUD,2015.11.19,03:00,-0.356307686813479,-0.3558392215439531,-0.35677593272605335,1.49514,2.13513,,,,,100,0.001,0.9,0,0,0,0
33,EURAUD,GBPAUD,2015.11.19,03:15,-0.3562635486171507,-0.3557950877367778,-0.35673179014468126,1.49522,2.13515,,,,,100,0.001,0.9,0,0,0,0
34,EURAUD,GBPAUD,2015.11.19,03:30,-0.35688165855188364,-0.356413311760631,-0.3573497860970986,1.49466,2.13567,,,,,100,0.001,0.9,0,0,0,0
35,EURAUD,GBPAUD,2015.11.19,03:45,-0.35619732416181327,-0.3557288479190447,-0.35666558103735624,1.49527,2.13508,,,,,100,0.001,0.9,0,0,0,0
36,EURAUD,GBPAUD,2015.11.19,04:00,-0.35653911605586946,-0.3560706025002303,-0.35700741020934584,1.49464,2.13491,,,,,100,0.001,0.9,0,0,0,0
37,EURAUD,GBPAUD,2015.11.19,04:15,-0.35580741709876496,-0.35533853228579326,-0.3562760821618022,1.49455,2.13322,,,,,100,0.001,0.9,0,0,0,0
38,EURAUD,GBPAUD,2015.11.19,04:30,-0.3562407243512829,-0.3557721712814192,-0.3567090579819821,1.49496,2.13473,,,,,100,0.001,0.9,0,0,0,0
39,EURAUD,GBPAUD,2015.11.19,04:45,-0.3563143414007726,-0.35584583223519134,-0.3567826311683016,1.49499,2.13493,,,,,100,0.001,0.9,0,0,0,0
40,EURAUD,GBPAUD,2015.11.19,05:00,-0.35646552244643764,-0.3559970088907985,-0.356933816599914,1.49475,2.13491,,,,,100,0.001,0.9,0,0,0,0
41,EURAUD,GBPAUD,2015.11.19,05:15,-0.3561010197465232,-0.3556325391143135,-0.35656928100739727,1.4954,2.13506,,,,,100,0.001,0.9,0,0,0,0
42,EURAUD,GBPAUD,2015.11.19,05:30,-0.35604802515034567,-0.3555794193844803,-0.3565164114276969,1.49508,2.13449,,,,,100,0.001,0.9,0,0,0,0
43,EURAUD,GBPAUD,2015.11.19,05:45,-0.3561762817820434,-0.3557075134621973,-0.3566448304611085,1.49437,2.13375,,,,,100,0.001,0.9,0,0,0,0
44,EURAUD,GBPAUD,2015.11.19,06:00,-0.3559724255692844,-0.35550291113248095,-0.3564417196657304,1.4923,2.13036,,,,,100,0.001,0.9,0,0,0,0
45,EURAUD,GBPAUD,2015.11.19,06:15,-0.3558525468326513,-0.35538345086578,-0.35632142285166907,1.49381,2.13226,,,,,100,0.001,0.9,0,0,0,0
46,EURAUD,GBPAUD,2015.11.19,06:30,-0.35561876015969207,-0.3551495827598057,-0.3560877175353723,1.4939,2.13189,,,,,100,0.001,0.9,0,0,0,0
47,EURAUD,GBPAUD,2015.11.19,06:45,-0.35541229002111485,-0.354942993722289,-0.3558813661842295,1.49383,2.13135,,,,,100,0.001,0.9,0,0,0,0
48,EURAUD,GBPAUD,2015.11.19,07:00,-0.3557994704355495,-0.35533027102188663,-0.35626844980436345,1.49356,2.13179,,,,,100,0.001,0.9,0,0,0,0
49,EURAUD,GBPAUD,2015.11.19,07:15,-0.3558872691326688,-0.35541812034760395,-0.3563561979203587,1.49359,2.13202,,,,,100,0.001,0.9,0,0,0,0
50,EURAUD,GBPAUD,2015.11.19,07:30,-0.3560206275537621,-0.3555515601917803,-0.35648947499470746,1.49365,2.13239,,,,,100,0.001,0.9,0,0,0,0
51,EURAUD,GBPAUD,2015.11.19,07:45,-0.3557932089273816,-0.35532388399573617,-0.35626231369645917,1.49317,2.13122,,,,,100,0.001,0.9,0,0,0,0
52,EURAUD,GBPAUD,2015.11.19,08:00,-0.3556630736302769,-0.35519395785797675,-0.3561319694361548,1.49403,2.13217,,,,,100,0.001,0.9,0,0,0,0
53,EURAUD,GBPAUD,2015.11.19,08:15,-0.35584336199037137,-0.3553743716242169,-0.35631213250766536,1.49416,2.13274,,,,,100,0.001,0.9,0,0,0,0
54,EURAUD,GBPAUD,2015.11.19,08:30,-0.3559388965734391,-0.355469794004944,-0.3564077791878913,1.49366,2.13223,,,,,100,0.001,0.9,0,0,0,0
55,EURAUD,GBPAUD,2015.11.19,08:45,-0.356443848158551,-0.3559747939976494,-0.3569126824107919,1.49306,2.13245,,,,,100,0.001,0.9,0,0,0,0
56,EURAUD,GBPAUD,2015.11.19,09:00,-0.3575614168432765,-0.3570924814586674,-0.3580301324305573,1.49177,2.13299,,,,,100,0.001,0.9,0,0,0,0
57,EURAUD,GBPAUD,2015.11.19,09:15,-0.35793006185618303,-0.35746141875681103,-0.35839848543207464,1.49215,2.13432,,,,,100,0.001,0.9,0,0,0,0
58,EURAUD,GBPAUD,2015.11.19,09:30,-0.3573686592807871,-0.3568999854317073,-0.3578371135775844,1.49289,2.13418,,,,,100,0.001,0.9,0,0,0,0
59,EURAUD,GBPAUD,2015.11.19,09:45,-0.35800449756203967,-0.3575358390883181,-0.3584729364978805,1.49199,2.13425,,,,,100,0.001,0.9,0,0,0,0
60,EURAUD,GBPAUD,2015.11.19,10:00,-0.35857726246370064,-0.3581082215031361,-0.3590460835279788,1.48992,2.13251,,,,,100,0.001,0.9,0,0,0,0
61,EURAUD,GBPAUD,2015.11.19,10:15,-0.3588787616481505,-0.3584094146888818,-0.35934788842418935,1.4885,2.13112,,,,,100,0.001,0.9,0,0,0,0
62,EURAUD,GBPAUD,2015.11.19,10:30,-0.3580032662229534,-0.35753362168826297,-0.3584726902951899,1.48886,2.12977,,,,,100,0.001,0.9,0,0,0,0
63,EURAUD,GBPAUD,2015.11.19,10:45,-0.3567776811467813,-0.3563075552854318,-0.3572475860936589,1.48916,2.12759,,,,,100,0.001,0.9,0,0,0,0
64,EURAUD,GBPAUD,2015.11.19,11:00,-0.35671994651967165,-0.3562496703177962,-0.3571900016657942,1.48877,2.12691,,,,,100,0.001,0.9,0,0,0,0
65,EURAUD,GBPAUD,2015.11.19,11:15,-0.35604108397906936,-0.35557080114230905,-0.35651114575384063,1.48976,2.12688,,,,,100,0.001,0.9,0,0,0,0
66,EURAUD,GBPAUD,2015.11.19,11:30,-0.35516729881936193,-0.35469674379103366,-0.35563763252979363,1.4902,2.12565,,,,,100,0.001,0.9,0,0,0,0
67,EURAUD,GBPAUD,2015.11.19,11:45,-0.3558003113477866,-0.35533012359315735,-0.3562702781297858,1.49042,2.12731,,,,,100,0.001,0.9,0,0,0,0
68,EURAUD,GBPAUD,2015.11.19,12:00,-0.3563185978712601,-0.35584864434101404,-0.3567883306489249,1.49039,2.12837,,,,,100,0.001,0.9,0,0,0,0
69,EURAUD,GBPAUD,2015.11.19,12:15,-0.3564179708587706,-0.3559481365606818,-0.35688758451625224,1.49062,2.12891,,,,,100,0.001,0.9,0,0,0,0
70,EURAUD,GBPAUD,2015.11.19,12:30,-0.3558403963036411,-0.3553704891486465,-0.3563100827496101,1.49125,2.12858,,,,,100,0.001,0.9,0,0,0,0
71,EURAUD,GBPAUD,2015.11.19,12:45,-0.35539489162311305,-0.3549251058837449,-0.35586445676746875,1.4923,2.12913,,,,,100,0.001,0.9,0,0,0,0
72,EURAUD,GBPAUD,2015.11.19,13:00,-0.3551053877659265,-0.35463518232450975,-0.35557537221809243,1.4914,2.12723,,,,,100,0.001,0.9,0,0,0,0
73,EURAUD,GBPAUD,2015.11.19,13:15,-0.35468994189570535,-0.3542194621388277,-0.3551602004054696,1.49115,2.12599,,,,,100,0.001,0.9,0,0,0,0
74,EURAUD,GBPAUD,2015.11.19,13:30,-0.35536252854405054,-0.3548924314133279,-0.35583240478729533,1.49136,2.12772,,,,,100,0.001,0.9,0,0,0,0
75,EURAUD,GBPAUD,2015.11.19,13:45,-0.3542011881797587,-0.35373109325893887,-0.354671062215177,1.4931,2.12773,,,,,100,0.001,0.9,0,0,0,0
76,EURAUD,GBPAUD,2015.11.19,14:00,-0.35456210754234774,-0.3540922798664937,-0.3550317145838128,1.49341,2.12894,,,,,100,0.001,0.9,0,0,0,0
77,EURAUD,GBPAUD,2015.11.19,14:15,-0.3550486515462423,-0.3545789077358741,-0.3555181748009638,1.49295,2.12932,,,,,100,0.001,0.9,0,0,0,0
78,EURAUD,GBPAUD,2015.11.19,14:30,-0.35558599697675825,-0.35511654645995655,-0.356055227213179,1.49308,2.13065,,,,,100,0.001,0.9,0,0,0,0
79,EURAUD,GBPAUD,2015.11.19,14:45,-0.3554463815909248,-0.35497655391507077,-0.3559159886323898,1.49209,2.12894,,,,,100,0.001,0.9,0,0,0,0
80,EURAUD,GBPAUD,2015.11.19,15:00,-0.35684446879714454,-0.35637535742619536,-0.3573133602057981,1.49228,2.13219,,,,,100,0.001,0.9,0,0,0,0
81,EURAUD,GBPAUD,2015.11.19,15:15,-0.35754520440415544,-0.35707561279933725,-0.35801457559619815,1.48971,2.13001,,,,,100,0.001,0.9,0,0,0,0
82,EURAUD,GBPAUD,2015.11.19,15:30,-0.35681229990363117,-0.35634320173623923,-0.3572811781211065,1.49237,2.13225,,,,,100,0.001,0.9,0,0,0,0
83,EURAUD,GBPAUD,2015.11.19,15:45,-0.3571249341027909,-0.3566561899535099,-0.357593458633935,1.49303,2.13386,,,,,100,0.001,0.9,0,0,0,0
84,EURAUD,GBPAUD,2015.11.19,16:00,-0.35534659884508496,-0.35487750727919304,-0.35581547046724943,1.49458,2.13228,,,,,100,0.001,0.9,0,0,0,0
85,EURAUD,GBPAUD,2015.11.19,16:15,-0.3543625470733248,-0.35389298413387305,-0.3548318896269035,1.49455,2.13014,,,,,100,0.001,0.9,0,0,0,0
86,EURAUD,GBPAUD,2015.11.19,16:30,-0.35527831813068145,-0.35480876401063843,-0.35574765187312807,1.49321,2.13018,,,,,100,0.001,0.9,0,0,0,0
87,EURAUD,GBPAUD,2015.11.19,16:45,-0.3562222769681467,-0.35575262802209484,-0.35669170544760376,1.4915,2.12975,,,,,100,0.001,0.9,0,0,0,0
88,EURAUD,GBPAUD,2015.11.19,17:00,-0.3558807914902193,-0.3554105816268977,-0.3563507803601345,1.49023,2.12721,,,,,100,0.001,0.9,0,0,0,0
89,EURAUD,GBPAUD,2015.11.19,17:15,-0.3550233781862847,-0.35455273014231725,-0.3554938048248708,1.49012,2.12523,,,,,100,0.001,0.9,0,0,0,0
90,EURAUD,GBPAUD,2015.11.19,17:30,-0.35493610051651414,-0.3544652596802659,-0.35540671976599725,1.48964,2.12436,,,,,100,0.001,0.9,0,0,0,0
91,EURAUD,GBPAUD,2015.11.19,17:45,-0.35379262318836996,-0.3533215250499168,-0.3542634994978661,1.49053,2.1232,,,,,100,0.001,0.9,0,0,0,0
92,EURAUD,GBPAUD,2015.11.19,18:00,-0.3531489761391551,-0.35267835467483666,-0.35361937622309303,1.493,2.12535,,,,,100,0.001,0.9,0,0,0,0
93,EURAUD,GBPAUD,2015.11.19,18:15,-0.35449017769706165,-0.35401971122088144,-0.354960422938616,1.49149,2.12605,,,,,100,0.001,0.9,0,0,0,0
94,EURAUD,GBPAUD,2015.11.19,18:30,-0.3538551281780031,-0.35338438486563356,-0.3543256499953696,1.49156,2.1248,,,,,100,0.001,0.9,0,0,0,0
95,EURAUD,GBPAUD,2015.11.19,18:45,-0.3549979393813922,-0.3545274972512101,-0.3554681602998397,1.49081,2.12616,,,,,100,0.001,0.9,0,0,0,0
96,EURAUD,GBPAUD,2015.11.19,19:00,-0.3545384146626678,-0.35406808758855657,-0.3550085206332093,1.49186,2.12668,,,,,100,0.001,0.9,0,0,0,0
97,EURAUD,GBPAUD,2015.11.19,19:15,-0.35452359394983984,-0.354052956981091,-0.35499400952362486,1.4909,2.12528,,,,,100,0.001,0.9,0,0,0,0
98,EURAUD,GBPAUD,2015.11.19,19:30,-0.354612408304474,-0.3541416805035423,-0.355082914624996,1.49048,2.12487,,,,,100,0.001,0.9,0,0,0,0
99,EURAUD,GBPAUD,2015.11.19,19:45,-0.35499801818639415,-0.3545275981867511,-0.3554682169951096,1.49088,2.12626,,,,,100,0.001,0.9,0,0,0,0
100,EURAUD,GBPAUD,2015.11.19,20:00,-0.3551581244044454,-0.3546878459909625,-0.3556281817600967,1.49109,2.1269,0.9545971889142756,0.839137131743,-0.3563042937231342,0.0011566745072506737,100,0.001,0.9,0,0,0,0
101,EURAUD,GBPAUD,2015.11.19,20:15,-0.355170830846702,-0.3547003311673722,-0.3556411092601849,1.49037,2.1259,0.9532327316888027,0.831633732908,-0.35627812888721094,0.0011526654040540099,100,0.001,0.9,0,0,0,0
102,EURAUD,GBPAUD,2015.11.19,20:30,-0.3547877512767741,-0.35431724495625205,-0.35525803632520425,1.49092,2.12587,0.9519809679153223,0.899069576614,-0.3562511592050932,0.001146630712783446,100,0.001,0.9,0,0,0,0
103,EURAUD,GBPAUD,2015.11.19,20:45,-0.3543633335344415,-0.35389270321057364,-0.35483374246959576,1.49116,2.12531,0.9498765677330734,0.947785266407,-0.3562198190086011,0.001143333048897391,100,0.001,0.9,0,0,0,0
104,EURAUD,GBPAUD,2015.11.19,21:00,-0.3542945760423304,-0.35382414055152867,-0.35476479032763997,1.49188,2.12619,0.9474469406030607,0.950205061141,-0.3561870425850963,0.0011491466208472469,100,0.001,0.9,0,0,0,0
105,EURAUD,GBPAUD,2015.11.19,21:15,-0.35421249171700947,-0.3537421248221661,-0.3546826374708503,1.49222,2.1265,0.9443306525043246,0.953444543911,-0.35615491591507015,0.001156748079105402,100,0.001,0.9,0,0,0,0
106,EURAUD,GBPAUD,2015.11.19,21:30,-0.35438523134001837,-0.35391482904330757,-0.3548554124624453,1.49185,2.12634,0.9403044662805999,0.932011277969,-0.3561222103424753,0.0011650233214874973,100,0.001,0.9,0,0,0,0
107,EURAUD,GBPAUD,2015.11.19,21:45,-0.354014547512769,-0.35354389503856803,-0.3544849785774213,1.49161,2.12521,0.9366388773058879,0.962747257247,-0.35608539518160726,0.0011611166281694837,100,0.001,0.9,0,0,0,0
108,EURAUD,GBPAUD,2015.11.19,22:00,-0.35400913408673934,-0.35353847275182143,-0.3544795740037739,1.49159,2.12517,0.9322542102575534,0.960050194068,-0.356045264273016,0.0011626599730131732,100,0.001,0.9,0,0,0,0
109,EURAUD,GBPAUD,2015.11.19,22:15,-0.3537516963497326,-0.353281030584331,-0.3542221406930831,1.49196,2.12515,0.9275596285343382,0.972927424415,-0.3560135616487974,0.0011745839910080446,100,0.001,0.9,0,0,0,0
110,EURAUD,GBPAUD,2015.11.19,22:30,-0.35369806421376726,-0.3532275025426841,-0.35416840456070664,1.49237,2.12562,0.921928573858653,0.972521524684,-0.3559767930363783,0.001187322493562565,100,0.001,0.9,0,0,0,0
111,EURAUD,GBPAUD,2015.11.19,22:45,-0.35374926275903873,-0.3532786368649873,-0.35421966726854315,1.49209,2.12533,0.9145858662086103,0.966016094497,-0.35593976342070655,0.0012001295492396107,100,0.001,0.9,0,0,0,0
112,EURAUD,GBPAUD,2015.11.19,23:00,-0.35368139193041226,-0.35321073724106344,-0.3541518252081288,1.4921,2.1252,0.9091743783033885,0.967400007069,-0.35589728762495293,0.0012017541166429292,100,0.001,0.9,0,0,0,0
113,EURAUD,GBPAUD,2015.11.19,23:15,-0.3539660580882094,-0.353495600465411,-0.35443629448470654,1.4923,2.12609,0.9028724190066324,0.941204075618,-0.35585747038813864,0.0012085996017806289,100,0.001,0.9,0,0,0,0
114,EURAUD,GBPAUD,2015.11.19,23:30,-0.3539347445715132,-0.3534642028281322,-0.3544050650094912,1.49208,2.12571,0.8977484284199311,0.940305094437,-0.3558223730499529,0.00121208510710977,100,0.001,0.9,0,0,0,0
115,EURAUD,GBPAUD,2015.11.19,23:45,-0.35386738087969927,-0.35339666858918317,-0.35433787170439757,1.49164,2.12494,0.8920570930961079,0.943294876165,-0.3557842311662273,0.0012108595673747627,100,0.001,0.9,0,0,0,0
116,EURAUD,GBPAUD,2015.11.20,00:00,-0.35355990349202276,-0.3530892200038525,-0.35403036554147044,1.49219,2.12507,0.8880546364943069,0.964900675053,-0.35574342143478027,0.0012059459263721887,100,0.001,0.9,0,0,0,0
117,EURAUD,GBPAUD,2015.11.20,00:15,-0.35394060496976076,-0.3534702646228214,-0.354410724200654,1.49271,2.12662,0.8824671849480323,0.927107873917,-0.3557040099806902,0.001212308184060578,100,0.001,0.9,0,0,0,0
118,EURAUD,GBPAUD,2015.11.20,00:30,-0.3539610996625727,-0.3534905955558023,-0.35443138249933304,1.49216,2.12588,0.8757951280509605,0.920307135494,-0.35567134974310544,0.0012154081793518156,100,0.001,0.9,0,0,0,0
119,EURAUD,GBPAUD,2015.11.20,00:45,-0.35399973576605503,-0.35352942638788276,-0.3544698240572912,1.49272,2.12676,0.8678309857488488,0.910741505857,-0.355641237140172,0.0012201429709226027,100,0.001,0.9,0,0,0,0
120,EURAUD,GBPAUD,2015.11.20,01:00,-0.35370275484512614,-0.35323229943562107,-0.35417298903041083,1.4927,2.1261,0.8592392047186035,0.940742804911,-0.35560996934224226,0.0012217591446277295,100,0.001,0.9,0,0,0,0
121,EURAUD,GBPAUD,2015.11.20,01:15,-0.35393029813033766,-0.3534597984510079,-0.35440057654382057,1.49222,2.1259,0.8477818935233259,0.909917196984,-0.3555778000887606,0.0012292540395381043,100,0.001,0.9,0,0,0,0
122,EURAUD,GBPAUD,2015.11.20,01:30,-0.35405406592179395,-0.3535834068020866,-0.3545245036257017,1.49153,2.12518,0.834880040203856,0.887181232753,-0.3555488202104465,0.0012336283362508885,100,0.001,0.9,0,0,0,0
123,EURAUD,GBPAUD,2015.11.20,01:45,-0.35423556305917714,-0.35376499253079563,-0.35470591225508485,1.49154,2.12558,0.8207797688330837,0.850885127283,-0.3555214447461087,0.0012361428474498394,100,0.001,0.9,0,0,0,0
124,EURAUD,GBPAUD,2015.11.20,02:00,-0.3544994825573821,-0.35402899837343876,-0.3549697454900494,1.49142,2.12597,0.8046512809946517,0.789959322988,-0.35549694426125905,0.0012371155960220588,100,0.001,0.9,0,0,0,0
125,EURAUD,GBPAUD,2015.11.20,02:15,-0.35433883933590926,-0.3538682732362186,-0.35480918410729123,1.4914,2.1256,0.7916429360066413,0.821290666479,-0.35547777204650854,0.0012375736248943583,100,0.001,0.9,0,0,0,0
126,EURAUD,GBPAUD,2015.11.20,02:30,-0.35474423520441517,-0.35427342096959563,-0.3552148278775014,1.49001,2.12448,0.7803881691586907,0.718312306761,-0.3554618615707001,0.0012419222017538906,100,0.001,0.9,0,0,0,0
127,EURAUD,GBPAUD,2015.11.20,02:45,-0.3545150876086651,-0.3540444971501432,-0.35498545671596915,1.49106,2.12549,0.767947663808145,0.773299999552,-0.3554446169920623,0.0012397712608906886,100,0.001,0.9,0,0,0,0
128,EURAUD,GBPAUD,2015.11.20,03:00,-0.35467222841838647,-0.354201367629094,-0.35514286760213737,1.48997,2.12427,0.7468207607844158,0.728586578163,-0.3554270547288304,0.0012403811685622061,100,0.001,0.9,0,0,0,0
129,EURAUD,GBPAUD,2015.11.20,03:15,-0.354808995336807,-0.35433809463635213,-0.35527967439415986,1.48964,2.12409,0.728578788717329,0.685785837592,-0.35540744142316877,0.0012366116991500268,100,0.001,0.9,0,0,0,0
130,EURAUD,GBPAUD,2015.11.20,03:30,-0.3546311095754489,-0.35416051690236267,-0.35510148089523424,1.49088,2.12548,0.7160002455424404,0.730849860313,-0.35538902910449477,0.00123161781108604,100,0.001,0.9,0,0,0,0
131,EURAUD,GBPAUD,2015.11.20,03:45,-0.35462732278457143,-0.3541566304345163,-0.35509779368756744,1.49057,2.12503,0.6961197805962033,0.727656679074,-0.35537291890939043,0.001230882369805372,100,0.001,0.9,0,0,0,0
132,EURAUD,GBPAUD,2015.11.20,04:00,-0.35481108441792675,-0.35434003288089,-0.3552819141698811,1.48916,2.12341,0.6825237993658898,0.672038640997,-0.35535992877876743,0.0012318370872656894,100,0.001,0.9,0,0,0,0
133,EURAUD,GBPAUD,2015.11.20,04:15,-0.3548071504483423,-0.35433578361723994,-0.35527829519743326,1.48817,2.12199,0.6801681873698573,0.66912437192,-0.35534496275481187,0.001229294882884522,100,0.001,0.9,0,0,0,0
134,EURAUD,GBPAUD,2015.11.20,04:30,-0.3550799158355846,-0.3546085223405707,-0.35555108722346707,1.48768,2.12187,0.6819960524197982,0.580883697395,-0.35533039877312383,0.0012269270809453932,100,0.001,0.9,0,0,0,0
135,EURAUD,GBPAUD,2015.11.20,04:45,-0.3552212823320561,-0.35475017087721894,-0.35569217194539826,1.48836,2.12314,0.6856746424590128,0.529832504947,-0.3553123813459608,0.0012171067206114743,100,0.001,0.9,0,0,0,0
136,EURAUD,GBPAUD,2015.11.20,05:00,-0.35552695361933045,-0.3550558088702395,-0.35599787649557685,1.4878,2.12299,0.6821490203996323,0.426688542814,-0.35530262092766324,0.0012138476134239014,100,0.001,0.9,0,0,0,0
137,EURAUD,GBPAUD,2015.11.20,05:15,-0.3556137475117716,-0.35514264049581284,-0.35608463269041496,1.48779,2.12316,0.6810702781939151,0.395114262439,-0.3552924993032978,0.0012076370493753193,100,0.001,0.9,0,0,0,0
138,EURAUD,GBPAUD,2015.11.20,05:30,-0.35559908213697977,-0.3551280283810371,-0.3560699141057512,1.48798,2.1234,0.6814545239548944,0.399123123173,-0.35529056260742786,0.0012069580347019943,100,0.001,0.9,0,0,0,0
139,EURAUD,GBPAUD,2015.11.20,05:45,-0.35525853643543287,-0.3547875248351297,-0.3557293262882499,1.48862,2.12359,0.6767569289851713,0.508488210475,-0.3552841461852849,0.0012035565224436814,100,0.001,0.9,0,0,0,0
140,EURAUD,GBPAUD,2015.11.20,06:00,-0.35510587345048233,-0.3546350082269503,-0.35557651706429977,1.48931,2.12425,0.6702241086106345,0.555619797982,-0.35527358813563154,0.0011990505014805761,100,0.001,0.9,0,0,0,0
141,EURAUD,GBPAUD,2015.11.20,06:15,-0.3554973455921665,-0.3550264559788243,-0.35596801357284125,1.48865,2.12414,0.6618581529524924,0.421154777075,-0.35525999164567196,0.0011930921661054486,100,0.001,0.9,0,0,0,0
142,EURAUD,GBPAUD,2015.11.20,06:30,-0.355009388041852,-0.35453819889310156,-0.3554803552759481,1.48843,2.12279,0.6494607394974389,0.581394994887,-0.3552539549041285,0.0011903177878453582,100,0.001,0.9,0,0,0,0
143,EURAUD,GBPAUD,2015.11.20,06:45,-0.3549044280654876,-0.35443373349990914,-0.3553749011819227,1.49015,2.12502,0.6422202532135933,0.612372643605,-0.35524356853304356,0.0011878478327104235,100,0.001,0.9,0,0,0,0
144,EURAUD,GBPAUD,2015.11.20,07:00,-0.35525311281644273,-0.3547823074480981,-0.35572369663139697,1.48928,2.12452,0.6317390120385445,0.492502682343,-0.355230849995878,0.001184564664641139,100,0.001,0.9,0,0,0,0
145,EURAUD,GBPAUD,2015.11.20,07:15,-0.3550350263735858,-0.3545640613575805,-0.3555057696859553,1.4891,2.1238,0.6338814189476072,0.563385833841,-0.3552236568683496,0.0011821976548607323,100,0.001,0.9,0,0,0,0
146,EURAUD,GBPAUD,2015.11.20,07:30,-0.3545901655850988,-0.35411956626819474,-0.3550605435424533,1.49092,2.12545,0.6305716505611846,0.701821271113,-0.35521548166375894,0.0011806304329433517,100,0.001,0.9,0,0,0,0
147,EURAUD,GBPAUD,2015.11.20,07:45,-0.3544292692441212,-0.3539581200554409,-0.35490019655577665,1.48942,2.12297,0.6219652854144526,0.74431167855,-0.355205195718013,0.0011815617993599615,100,0.001,0.9,0,0,0,0
148,EURAUD,GBPAUD,2015.11.20,08:00,-0.3544331357831615,-0.3539618111637505,-0.3549042383603256,1.48886,2.12218,0.6195694861807792,0.740155527882,-0.3551953655102431,0.0011839083145508327,100,0.001,0.9,0,0,0,0
149,EURAUD,GBPAUD,2015.11.20,08:15,-0.35471928326671287,-0.35424795420432187,-0.35519039028267163,1.48842,2.12216,0.6196115080479581,0.651846056898,-0.35518170216371914,0.0011847500419205372,100,0.001,0.9,0,0,0,0
150,EURAUD,GBPAUD,2015.11.20,08:30,-0.35494204228751147,-0.35447080873073256,-0.35541305388781463,1.48839,2.12259,0.6200987950321957,0.57637766305,-0.3551700223050595,0.0011834805631842043,100,0.001,0.9,0,0,0,0
151,EURAUD,GBPAUD,2015.11.20,08:45,-0.3550317835922064,-0.3545606588202325,-0.35550268651014644,1.4886,2.12308,0.6180877044710607,0.542986102569,-0.355159236452397,0.0011805614579237088,100,0.001,0.9,0,0,0,0
152,EURAUD,GBPAUD,2015.11.20,09:00,-0.35557367925567884,-0.3551026831844989,-0.35604445359399084,1.4882,2.12366,0.6175595969651761,0.360166565444,-0.35515162219904517,0.0011788855192604775,100,0.001,0.9,0,0,0,0
153,EURAUD,GBPAUD,2015.11.20,09:15,-0.35606696268671706,-0.35559592668143697,-0.3565377769215366,1.48734,2.12348,0.6099753681393048,0.218449628744,-0.3551507282552992,0.0011785276097342468,100,0.001,0.9,0,0,0,0
154,EURAUD,GBPAUD,2015.11.20,09:30,-0.3564462479755646,-0.3559752385937704,-0.35691703561196125,1.48686,2.1236,0.5994174937867465,0.136552136869,-0.3551529642622627,0.0011800661230973856,100,0.001,0.9,0,0,0,0
155,EURAUD,GBPAUD,2015.11.20,09:45,-0.3569286590664612,-0.35645751875687604,-0.35739957750738227,1.48573,2.12301,0.5901320214655849,0.0674900433775,-0.35515803777628396,0.001184561328446385,100,0.001,0.9,0,0,0,0
156,EURAUD,GBPAUD,2015.11.20,10:00,-0.3569650574316841,-0.35649383275718044,-0.3574360601580771,1.48541,2.12263,0.5849142730483112,0.0650959117084,-0.35516288588536304,0.0011908523793126044,100,0.001,0.9,0,0,0,0
157,EURAUD,GBPAUD,2015.11.20,10:15,-0.3582836719531381,-0.3578125671565871,-0.35875455491446323,1.48383,2.12317,0.5942597221204075,0.00403153093158,-0.3551569222912471,0.001180164877297076,100,0.001,0.9,0,0,0,0
158,EURAUD,GBPAUD,2015.11.20,10:30,-0.35802455459693244,-0.35755286982454854,-0.3584960169876819,1.48239,2.12056,0.5933345960683849,0.00800433121094,-0.35516045839221666,0.0011890541807174045,100,0.001,0.9,0,0,0,0
159,EURAUD,GBPAUD,2015.11.20,10:45,-0.35712081226117165,-0.35664863082140574,-0.35759277085084706,1.48217,2.11833,0.6081917475353231,0.0521891189939,-0.3551670173453781,0.0012030841198429026,100,0.001,0.9,0,0,0,0
160,EURAUD,GBPAUD,2015.11.20,11:00,-0.3572159654571964,-0.35674376841004246,-0.3576879396395309,1.48198,2.11826,0.6525509796317208,0.0412538841963,-0.3551581804923694,0.0011851434731298426,100,0.001,0.9,0,0,0,0
161,EURAUD,GBPAUD,2015.11.20,11:15,-0.3580528388658784,-0.35758070870026665,-0.3585247462297841,1.48095,2.11856,0.7064713903641838,0.00582330273624,-0.35514456752230444,0.0011528522655741742,100,0.001,0.9,0,0,0,0
162,EURAUD,GBPAUD,2015.11.20,11:30,-0.35776095818795434,-0.35728862955180746,-0.35823306383508063,1.48076,2.11767,0.7568074061702891,0.0100167156258,-0.35513630829448173,0.0011285316339405059,100,0.001,0.9,0,0,0,0
163,EURAUD,GBPAUD,2015.11.20,11:45,-0.35834627719213746,-0.3578744321750316,-0.35881789967651995,1.48141,2.11984,0.7935986786248417,0.00210707051902,-0.3551338852141317,0.0011225581058479069,100,0.001,0.9,0,0,0,0
164,EURAUD,GBPAUD,2015.11.20,12:00,-0.35784397336269663,-0.3573719390275956,-0.35831578498650724,1.48156,2.11899,0.8052363583607192,0.00989341604217,-0.35514957117458534,0.001156214327830201,100,0.001,0.9,0,0,0,0
165,EURAUD,GBPAUD,2015.11.20,12:15,-0.35774263302633713,-0.3572706432503131,-0.358214400133106,1.48185,2.11919,0.8188618923545329,0.0141276846227,-0.3551608114430156,0.0011769135103753988,100,0.001,0.9,0,0,0,0
166,EURAUD,GBPAUD,2015.11.20,12:30,-0.35824967041522054,-0.3577778498869934,-0.3587212684338174,1.48163,2.11995,0.828159046167205,0.00529380397717,-0.35517782693348837,0.0012018058211291129,100,0.001,0.9,0,0,0,0
167,EURAUD,GBPAUD,2015.11.20,12:45,-0.3582773673988478,-0.35780573824153766,-0.35874877422694856,1.48219,2.12081,0.8324207004816262,0.0066824780738,-0.35520865064944684,0.001240440160257588,100,0.001,0.9,0,0,0,0
168,EURAUD,GBPAUD,2015.11.20,13:00,-0.3579991640470928,-0.35752763274046623,-0.3584704731167339,1.48291,2.12125,0.8350074555943807,0.0151355599093,-0.35523342120995743,0.0012765803806828815,100,0.001,0.9,0,0,0,0
169,EURAUD,GBPAUD,2015.11.20,13:15,-0.3575881385848051,-0.3571161332140611,-0.35805992127158304,1.48203,2.11912,0.8389747076911517,0.0362571802196,-0.35525022687171587,0.0013018230084758608,100,0.001,0.9,0,0,0,0
170,EURAUD,GBPAUD,2015.11.20,13:30,-0.3570984858615506,-0.3566263735278171,-0.3575703754104037,1.48242,2.11864,0.8482264960605194,0.0816773687242,-0.35526192854897615,0.001317589180575316,100,0.001,0.9,0,0,0,0
171,EURAUD,GBPAUD,2015.11.20,13:45,-0.35729216232715044,-0.3568200076405065,-0.35776409418894983,1.482,2.11845,0.8552376933273631,0.0645032003112,-0.3552745094445552,0.0013291243169997707,100,0.001,0.9,0,0,0,0
172,EURAUD,GBPAUD,2015.11.20,14:00,-0.35764446940939415,-0.3571723058053798,-0.3581164101801492,1.48145,2.11841,0.8607916099655173,0.0401595968677,-0.35529348215159556,0.0013443146595283418,100,0.001,0.9,0,0,0,0
173,EURAUD,GBPAUD,2015.11.20,14:15,-0.3567134195355899,-0.3562408096331775,-0.35718580618339046,1.48143,2.11641,0.865898549188248,0.153394942799,-0.3553188729680302,0.0013645523212703534,100,0.001,0.9,0,0,0,0
174,EURAUD,GBPAUD,2015.11.20,14:30,-0.35641175318803053,-0.3559391857202313,-0.3568840974412979,1.48201,2.1166,0.8720000271680433,0.21684808992,-0.35533910774442906,0.001370123351848264,100,0.001,0.9,0,0,0,0
175,EURAUD,GBPAUD,2015.11.20,14:45,-0.3555364215851918,-0.35506334439855797,-0.35600927507562236,1.48171,2.11432,0.8766079862989787,0.445935178795,-0.35534959999086874,0.0013743155244695412,100,0.001,0.9,0,0,0,0
176,EURAUD,GBPAUD,2015.11.20,15:00,-0.3552475134017514,-0.3547744048807584,-0.35572039819691426,1.48204,2.11418,0.878328608916228,0.533587593654,-0.35536295232492315,0.0013695232417392678,100,0.001,0.9,0,0,0,0
177,EURAUD,GBPAUD,2015.11.20,15:15,-0.35509589373419165,-0.3546228411645001,-0.35556872263095446,1.48244,2.11443,0.8783832705694545,0.579395583826,-0.3553698063835171,0.001367187901430675,100,0.001,0.9,0,0,0,0
178,EURAUD,GBPAUD,2015.11.20,15:30,-0.35546652214714436,-0.3549930283221274,-0.3559397918818603,1.48051,2.11246,0.8783031240339513,0.471937462074,-0.3553702788053967,0.001367083965912815,100,0.001,0.9,0,0,0,0
179,EURAUD,GBPAUD,2015.11.20,15:45,-0.35456408842798126,-0.354089734370712,-0.3550382175801592,1.47916,2.10863,0.8816065038124541,0.722036136355,-0.3553690840571005,0.0013669457369350334,100,0.001,0.9,0,0,0,0
180,EURAUD,GBPAUD,2015.11.20,16:00,-0.3542877272188705,-0.3538125865683017,-0.35476264221801346,1.47712,2.10514,0.8826570874160308,0.783268361694,-0.3553602611254712,0.0013692871505544294,100,0.001,0.9,0,0,0,0
181,EURAUD,GBPAUD,2015.11.20,16:15,-0.3543653676625048,-0.3538903218116475,-0.3548401879519494,1.4773,2.10556,0.8887427447252195,0.761162503115,-0.3553346937096884,0.0013651575927817869,100,0.001,0.9,0,0,0,0
182,EURAUD,GBPAUD,2015.11.20,16:30,-0.35407726520278143,-0.35360201164606847,-0.3545522930008396,1.47708,2.10464,0.8973967256465233,0.818010041356,-0.3553028953422718,0.001350099105596096,100,0.001,0.9,0,0,0,0
183,EURAUD,GBPAUD,2015.11.20,16:45,-0.3548283265442627,-0.3543530662114747,-0.35530336111195976,1.47595,2.10461,0.9020935978626109,0.630067599061,-0.35527554499526337,0.0013469121245661742,100,0.001,0.9,0,0,0,0
184,EURAUD,GBPAUD,2015.11.20,17:00,-0.3555400333743829,-0.35506450862387007,-0.3560153321085795,1.47408,2.10344,0.9103453404726993,0.414732037339,-0.3552525789196782,0.0013345830320272449,100,0.001,0.9,0,0,0,0
185,EURAUD,GBPAUD,2015.11.20,17:15,-0.3552373946105418,-0.35476182915426213,-0.355712734011818,1.4744,2.10326,0.9160905696223891,0.505116014846,-0.35525451326497115,0.0013348608341798805,100,0.001,0.9,0,0,0,0
186,EURAUD,GBPAUD,2015.11.20,17:30,-0.35594718703573625,-0.3554721299011827,-0.356422018598164,1.47493,2.10551,0.9201541442724364,0.303791333982,-0.3552632617403433,0.0013318193184219502,100,0.001,0.9,0,0,0,0
187,EURAUD,GBPAUD,2015.11.20,17:45,-0.3551480918590875,-0.35467238387772665,-0.35562357364996117,1.47409,2.10263,0.9243101570822865,0.536403650179,-0.35526995042939385,0.0013335741458820386,100,0.001,0.9,0,0,0,0
188,EURAUD,GBPAUD,2015.11.20,18:00,-0.3553157379618832,-0.35484005487200954,-0.3557911948849344,1.47392,2.10274,0.9291826386529609,0.483050621758,-0.3552592085783031,0.0013301475774134747,100,0.001,0.9,0,0,0,0
189,EURAUD,GBPAUD,2015.11.20,18:15,-0.3557872753753926,-0.3553115357101894,-0.3562627888199847,1.47305,2.10249,0.9334438875213619,0.343956104521,-0.35525355804301983,0.0013286797677291946,100,0.001,0.9,0,0,0,0
190,EURAUD,GBPAUD,2015.11.20,18:30,-0.35581015965801327,-0.3553343113304445,-0.3562857816616429,1.47268,2.10201,0.9375470696490129,0.339841009736,-0.3552611970149109,0.0013295386859540391,100,0.001,0.9,0,0,0,0
191,EURAUD,GBPAUD,2015.11.20,18:45,-0.35504065407469537,-0.3545644749271059,-0.35551660658362066,1.47279,2.10055,0.9413277877153559,0.568423085491,-0.3552699376063259,0.0013302527711642048,100,0.001,0.9,0,0,0,0
192,EURAUD,GBPAUD,2015.11.20,19:00,-0.3547653857166813,-0.35428912719455824,-0.35524141752459476,1.47295,2.1002,0.9446657119793626,0.652128803833,-0.35528241791518916,0.0013220821056780581,100,0.001,0.9,0,0,0,0
193,EURAUD,GBPAUD,2015.11.20,19:15,-0.35482234489658776,-0.3543462428303576,-0.3552982203975045,1.47335,2.10089,0.9475985861283204,0.642365727911,-0.3552985820109644,0.001305512125235684,100,0.001,0.9,0,0,0,0
194,EURAUD,GBPAUD,2015.11.20,19:30,-0.35512420240289205,-0.35464782363465924,-0.35560035434244613,1.47205,2.09967,0.9493479802969754,0.554203604764,-0.35530190368295966,0.0013038560135713488,100,0.001,0.9,0,0,0,0
195,EURAUD,GBPAUD,2015.11.20,19:45,-0.35529236180119644,-0.3548156355665047,-0.3557688608762741,1.47073,2.09814,0.951931090032102,0.506844585924,-0.3553145944252086,0.0012957830704382486,100,0.001,0.9,0,0,0,0
196,EURAUD,GBPAUD,2015.11.20,20:00,-0.3551652325372463,-0.3546887243799407,-0.35564151374266806,1.47159,2.0991,0.9543219100946173,0.546797959638,-0.3553175386494065,0.0012953907402592304,100,0.001,0.9,0,0,0,0
197,EURAUD,GBPAUD,2015.11.20,20:15,-0.35545311855944195,-0.35497650138838877,-0.3559295086747818,1.47083,2.09862,0.95607636439552,0.460171542578,-0.35532380682815234,0.0012930971112906611,100,0.001,0.9,0,0,0,0
198,EURAUD,GBPAUD,2015.11.20,20:30,-0.3557887353061375,-0.35531232022525927,-0.35626492352376316,1.47096,2.09951,0.9580486350528046,0.362031877162,-0.35533310207424834,0.0012906253065030778,100,0.001,0.9,0,0,0,0
199,EURAUD,GBPAUD,2015.11.20,20:45,-0.3557419748399184,-0.3552656346478064,-0.35621808824007745,1.47126,2.09984,0.9597982814627508,0.379044242504,-0.355344865344265,0.0012893503930779327,100,0.001,0.9,0,0,0,0
200,EURAUD,GBPAUD,2015.11.20,21:00,-0.3557011943003862,-0.35522485410827426,-0.3561773077005453,1.47132,2.09984,0.9611623640069047,0.39336205205,-0.3553523049108002,0.0012894751788982918,100,0.001,0.9,0,0,0,0
201,EURAUD,GBPAUD,2015.11.20,21:15,-0.35510754123353716,-0.35463084681422896,-0.3555840085235429,1.4711,2.09828,0.9623334226846832,0.576904349033,-0.3553577356097597,0.0012897926618689257,100,0.001,0.9,0,0,0,0
202,EURAUD,GBPAUD,2015.11.20,21:30,-0.35472134319164816,-0.3542444418964068,-0.3551980171604521,1.47103,2.09737,0.963395343392531,0.688949448484,-0.355357102713628,0.0012899008251367966,100,0.001,0.9,0,0,0,0
203,EURAUD,GBPAUD,2015.11.20,21:45,-0.35486084066338264,-0.3543839734809284,-0.35533748055191183,1.47093,2.09752,0.9642177855910365,0.649555527809,-0.35535643863277677,0.001290213962135985,100,0.001,0.9,0,0,0,0
204,EURAUD,GBPAUD,2015.11.20,22:00,-0.35464614961307667,-0.3541693097173388,-0.3551227622408946,1.47133,2.09764,0.965143240601051,0.710768252103,-0.35536141370406615,0.0012873017714163187,100,0.001,0.9,0,0,0,0
205,EURAUD,GBPAUD,2015.11.20,22:15,-0.3549733298515816,-0.3544967399386413,-0.35544969273477267,1.47162,2.09874,0.9658052743883406,0.619735258209,-0.3553649294397736,0.0012848364408822282,100,0.001,0.9,0,0,0,0
206,EURAUD,GBPAUD,2015.11.20,22:30,-0.35548477931751293,-0.3550083165678855,-0.3559610151584977,1.47126,2.0993,0.9664758251957988,0.465067165646,-0.3553725378211193,0.0012801874550553345,100,0.001,0.9,0,0,0,0
207,EURAUD,GBPAUD,2015.11.20,22:45,-0.3553257317717725,-0.3548492644817668,-0.35580197214881215,1.47148,2.09928,0.9671720712500332,0.518060727624,-0.3553835333008943,0.0012763380623714976,100,0.001,0.9,0,0,0,0
208,EURAUD,GBPAUD,2015.11.20,23:00,-0.35556447004400477,-0.35508807765917866,-0.35604063558718796,1.47136,2.09961,0.9679666339895738,0.447387009689,-0.3553966451434844,0.0012688453073460442,100,0.001,0.9,0,0,0,0
209,EURAUD,GBPAUD,2015.11.20,23:15,-0.3556993427338992,-0.3552227619063036,-0.3561756965403991,1.47058,2.09878,0.9687337205759177,0.409947535361,-0.355412198503057,0.001261174939397558,100,0.001,0.9,0,0,0,0
210,EURAUD,GBPAUD,2015.11.20,23:30,-0.35578791611741883,-0.355311426124223,-0.35626417917602876,1.47073,2.09918,0.9696645633521305,0.387847857996,-0.3554316749668987,0.0012502642617326064,100,0.001,0.9,0,0,0,0
211,EURAUD,GBPAUD,2015.11.20,23:45,-0.35551522778613714,-0.35503870827555956,-0.35599152033401854,1.47104,2.09905,0.9705102537011888,0.47982500415,-0.35545257348593523,0.0012384037395726747,100,0.001,0.9,0,0,0,0
212,EURAUD,GBPAUD,2015.11.23,00:00,-0.3556086067125203,-0.355131891840953,-0.35608509443529973,1.4703,2.09819,0.9712872667272884,0.455083119694,-0.3554702331362062,0.0012264023521262324,100,0.001,0.9,0,0,0,0
213,EURAUD,GBPAUD,2015.11.23,00:15,-0.35579488310740975,-0.35531848391399506,-0.35627105545269894,1.471,2.09958,0.9721577144734291,0.400621792695,-0.3554895052840273,0.0012130779910294583,100,0.001,0.9,0,0,0,0
214,EURAUD,GBPAUD,2015.11.23,00:30,-0.3557431834221718,-0.3552667660715695,-0.3562193739073606,1.47102,2.0995,0.9726973656252049,0.422474519377,-0.35550779353421924,0.0012036274351702057,100,0.001,0.9,0,0,0,0
215,EURAUD,GBPAUD,2015.11.23,00:45,-0.35571201394604035,-0.355235646524374,-0.35618815454983055,1.47122,2.09972,0.9732535636802658,0.438022467447,-0.35552587792272583,0.0011932952512810485,100,0.001,0.9,0,0,0,0
216,EURAUD,GBPAUD,2015.11.23,01:00,-0.3552600765836099,-0.3547836978153771,-0.355736228523164,1.47185,2.09967,0.9738534499976695,0.595052660141,-0.3555443242533892,0.001181598855096682,100,0.001,0.9,0,0,0,0
217,EURAUD,GBPAUD,2015.11.23,01:15,-0.3557828419732437,-0.35530654715680554,-0.3562589100409248,1.47134,2.10004,0.9745584191096476,0.42459045132,-0.3555613259843052,0.0011648703689808647,100,0.001,0.9,0,0,0,0
218,EURAUD,GBPAUD,2015.11.23,01:30,-0.35641316694743497,-0.35593703314484393,-0.35688907415451354,1.47091,2.10075,0.9749753416301448,0.234988012495,-0.35557974835434003,0.0011534917084771658,100,0.001,0.9,0,0,0,0
219,EURAUD,GBPAUD,2015.11.23,01:45,-0.35636019388540324,-0.35588414168205024,-0.356836019570886,1.47124,2.10111,0.9753119507615647,0.254520430302,-0.35560426902718867,0.001144765008991383,100,0.001,0.9,0,0,0,0
220,EURAUD,GBPAUD,2015.11.23,02:00,-0.35602845130856264,-0.3555523220399964,-0.35650435398593083,1.47149,2.10077,0.9755579640690368,0.362144952329,-0.35562787360838205,0.001135645517654664,100,0.001,0.9,0,0,0,0
221,EURAUD,GBPAUD,2015.11.23,02:15,-0.35608227238647344,-0.3556062496426389,-0.3565580686404654,1.47174,2.10124,0.9760938381596554,0.350077098508,-0.35565113057301645,0.0011195222422393121,100,0.001,0.9,0,0,0,0
222,EURAUD,GBPAUD,2015.11.23,02:30,-0.35655534394620086,-0.35607952052480824,-0.35703094106733985,1.47166,2.10212,0.9764790773199798,0.212558109676,-0.3556726503155778,0.0011067195317399265,100,0.001,0.9,0,0,0,0
223,EURAUD,GBPAUD,2015.11.23,02:45,-0.35618930343560035,-0.3557136226084599,-0.35666475809806936,1.47264,2.10275,0.976704291394782,0.327163223982,-0.3556976630958218,0.0010979998011062977,100,0.001,0.9,0,0,0,0
224,EURAUD,GBPAUD,2015.11.23,03:00,-0.3561721311281941,-0.3556969069322403,-0.3566471295933801,1.47408,2.10477,0.9768656819320768,0.338074010924,-0.35571720049958605,0.0010890666722857569,100,0.001,0.9,0,0,0,0
225,EURAUD,GBPAUD,2015.11.23,03:15,-0.35608828747368765,-0.355613284495988,-0.3565630649306773,1.47489,2.10575,0.9768060641045713,0.371757670499,-0.35573392698529427,0.00108300322620624,100,0.001,0.9,0,0,0,0
226,EURAUD,GBPAUD,2015.11.23,03:30,-0.35617605625809556,-0.3557013396549874,-0.35665054761227577,1.47565,2.10702,0.9768358588438024,0.346327880595,-0.35575142146667205,0.0010743351193948027,100,0.001,0.9,0,0,0,0
227,EURAUD,GBPAUD,2015.11.23,03:45,-0.35622586601413464,-0.35575150745658723,-0.35669999966232435,1.47669,2.10861,0.9766991864793102,0.333634171196,-0.35576573967720876,0.0010703100105593408,100,0.001,0.9,0,0,0,0
228,EURAUD,GBPAUD,2015.11.23,04:00,-0.3573606895377349,-0.3568864097227301,-0.3578347445180271,1.47526,2.10896,0.9765767962080484,0.0690033939701,-0.35578284746126343,0.0010637702454411382,100,0.001,0.9,0,0,0,0
229,EURAUD,GBPAUD,2015.11.23,04:15,-0.3575127103321266,-0.3570390998962666,-0.35798609656732117,1.47712,2.11194,0.9759718515524415,0.0556365195526,-0.3558097320724569,0.0010693760056355907,100,0.001,0.9,0,0,0,0
230,EURAUD,GBPAUD,2015.11.23,04:30,-0.3574104303790899,-0.35693685807232434,-0.3578837785212796,1.47739,2.11211,0.9752003538752196,0.072166120933,-0.3558367692224101,0.0010779633775593292,100,0.001,0.9,0,0,0,0
231,EURAUD,GBPAUD,2015.11.23,04:45,-0.35760002869995905,-0.3571271193053129,-0.35807271455701845,1.47918,2.11507,0.974510820788862,0.0544261321459,-0.35586456243044656,0.001082384420325571,100,0.001,0.9,0,0,0,0
232,EURAUD,GBPAUD,2015.11.23,05:00,-0.3572305103976199,-0.3567574197824833,-0.3577033773038567,1.47916,2.11426,0.9737817880671429,0.109879311873,-0.3558942894896005,0.0010888635477195351,100,0.001,0.9,0,0,0,0
233,EURAUD,GBPAUD,2015.11.23,05:15,-0.3572414935922212,-0.35676826417123525,-0.3577144991730457,1.47871,2.11364,0.9733228978858166,0.112721359605,-0.3559184837493974,0.0010914283829542796,100,0.001,0.9,0,0,0,0
234,EURAUD,GBPAUD,2015.11.23,05:30,-0.3570551460999109,-0.3565815625793432,-0.3575285054452892,1.47788,2.11206,0.9729616452436194,0.154534914707,-0.3559428271808362,0.0010935366065168857,100,0.001,0.9,0,0,0,0
235,EURAUD,GBPAUD,2015.11.23,05:45,-0.35725590696720705,-0.35678250504487546,-0.3577290848861981,1.47815,2.11287,0.9725642144690668,0.118912193458,-0.3559625794834794,0.0010956296594290943,100,0.001,0.9,0,0,0,0
236,EURAUD,GBPAUD,2015.11.23,06:00,-0.35716932534815826,-0.35669591446128146,-0.35764251222321264,1.47825,2.11283,0.9719273960556276,0.140527539642,-0.3559829257298308,0.0011006050138324865,100,0.001,0.9,0,0,0,0
237,EURAUD,GBPAUD,2015.11.23,06:15,-0.3573457644882912,-0.3568724499524855,-0.35781885510342776,1.47829,2.11326,0.9712333276165697,0.111725443671,-0.3559993494471192,0.0011059730753234646,100,0.001,0.9,0,0,0,0
238,EURAUD,GBPAUD,2015.11.23,06:30,-0.3570684554661929,-0.35659514093038724,-0.3575415460813295,1.4787,2.11326,0.9703884283458614,0.172418197158,-0.3560166696168844,0.0011134105111753716,100,0.001,0.9,0,0,0,0
239,EURAUD,GBPAUD,2015.11.23,06:45,-0.35723440684189206,-0.3567608793850255,-0.3577077101766301,1.47779,2.11231,0.9696832235474558,0.140847789934,-0.35603136335017643,0.0011175319906514543,100,0.001,0.9,0,0,0,0
240,EURAUD,GBPAUD,2015.11.23,07:00,-0.3572046631965365,-0.35673110883074993,-0.35767799341472745,1.47775,2.11219,0.968983989785854,0.151774341561,-0.35605112205424105,0.0011211912353078636,100,0.001,0.9,0,0,0,0
241,EURAUD,GBPAUD,2015.11.23,07:15,-0.35720733976290187,-0.3567338123060353,-0.3576806430976399,1.47783,2.11231,0.9683465308077429,0.156025990187,-0.35607210995170163,0.0011229606516356058,100,0.001,0.9,0,0,0,0
242,EURAUD,GBPAUD,2015.11.23,07:30,-0.35728105048050907,-0.3568075611393777,-0.35775431573558236,1.47784,2.11248,0.9674891274978864,0.14516221514,-0.35608920989340903,0.001127131756890299,100,0.001,0.9,0,0,0,0
243,EURAUD,GBPAUD,2015.11.23,07:45,-0.35706310778661754,-0.35658971706948983,-0.357536274511006,1.47847,2.11292,0.9670523680430192,0.199553934945,-0.3561119265177956,0.001128040394332235,100,0.001,0.9,0,0,0,0
244,EURAUD,GBPAUD,2015.11.23,08:00,-0.3570488562251605,-0.35657552600696957,-0.35752196250784746,1.47868,2.11319,0.9667229880433712,0.207998915562,-0.35613351331500687,0.0011253512686426397,100,0.001,0.9,0,0,0,0
245,EURAUD,GBPAUD,2015.11.23,08:15,-0.35703043029308423,-0.3565573217720912,-0.35750331508824706,1.4794,2.11418,0.9662005877173606,0.217413449009,-0.3561514707490941,0.001125488145350476,100,0.001,0.9,0,0,0,0
246,EURAUD,GBPAUD,2015.11.23,08:30,-0.3569028316472054,-0.3564294162779288,-0.3573760230004187,1.47863,2.11281,0.966096863844142,0.257461099687,-0.3561714247882891,0.0011231806318092385,100,0.001,0.9,0,0,0,0
247,EURAUD,GBPAUD,2015.11.23,08:45,-0.35661207013960966,-0.35613869959051253,-0.3570852167150484,1.4792,2.11301,0.9666260048534917,0.353915629736,-0.35619455144891016,0.0011140653985750493,100,0.001,0.9,0,0,0,0
248,EURAUD,GBPAUD,2015.11.23,09:00,-0.3568647869337415,-0.35639180148814525,-0.35733754876986573,1.48003,2.11473,0.9680096578871348,0.277853004906,-0.35621637945786505,0.0011004291353691562,100,0.001,0.9,0,0,0,0
249,EURAUD,GBPAUD,2015.11.23,09:15,-0.3565621340364702,-0.3560891396420953,-0.3570349048129139,1.48045,2.11469,0.9698072299341955,0.383768499514,-0.3562406959693709,0.001087415752655375,100,0.001,0.9,0,0,0,0
250,EURAUD,GBPAUD,2015.11.23,09:30,-0.355096443659141,-0.3546227457274486,-0.35556991730734117,1.48042,2.11155,0.9714426149307791,0.859843935206,-0.35625912447706853,0.0010769367975356975,100,0.001,0.9,0,0,0,0
251,EURAUD,GBPAUD,2015.11.23,09:45,-0.35508655297688785,-0.3546131286425568,-0.355559753286673,1.48129,2.11277,0.9720603490673906,0.862596566041,-0.3562606684907849,0.0010751385934397208,100,0.001,0.9,0,0,0,0
252,EURAUD,GBPAUD,2015.11.23,10:00,-0.3543650065007798,-0.35389113797147226,-0.35483865058505754,1.48097,2.11079,0.972606306369325,0.961193228654,-0.35626121618463175,0.0010745200275190528,100,0.001,0.9,1,253,ÕýÌ¬½»Ò×,0.0002756308884778995
253,EURAUD,GBPAUD,2015.11.23,10:15,-0.3549347937007074,-0.35446103517603705,-0.3554083278845174,1.48047,2.11128,0.9711895745501626,0.88626171881,-0.35624912945708265,0.0010890317769180452,100,0.001,0.9,0,0,0,0
254,EURAUD,GBPAUD,2015.11.23,10:30,-0.3547274736485474,-0.3542538856423101,-0.3552008374753496,1.48131,2.11204,0.9699083665961894,0.915749182085,-0.3562378077672226,0.0010968020851489534,100,0.001,0.9,0,0,0,0
255,EURAUD,GBPAUD,2015.11.23,10:45,-0.3548207620123912,-0.3543475505064142,-0.3552937496951504,1.48235,2.11372,0.9676167457712038,0.896999570707,-0.3562206200239524,0.0011069232386151104,100,0.001,0.9,0,0,0,0
256,EURAUD,GBPAUD,2015.11.23,11:00,-0.3542657153987578,-0.35379197258486644,-0.3547392338866641,1.48151,2.11135,0.9648773148548999,0.95880064519,-0.3561995410534117,0.0011133554589950762,100,0.001,0.9,0,0,0,0
257,EURAUD,GBPAUD,2015.11.23,11:15,-0.35479497411621364,-0.3543212133470611,-0.3552685105423804,1.48067,2.11127,0.9610675816443102,0.889159780843,-0.3561725476330825,0.0011272442454110757,100,0.001,0.9,0,0,0,0
258,EURAUD,GBPAUD,2015.11.23,11:30,-0.35514971448683513,-0.35467598738268086,-0.35562321727987817,1.48025,2.11142,0.9587486972257268,0.81216878045,-0.3561376606547132,0.0011151682939807765,100,0.001,0.9,0,0,0,0
259,EURAUD,GBPAUD,2015.11.23,11:45,-0.3545578171397423,-0.35408402719038756,-0.35503138271848145,1.48093,2.11114,0.9574624371415253,0.920170759411,-0.35610891225361224,0.0011030236400067204,100,0.001,0.9,0,0,0,0
260,EURAUD,GBPAUD,2015.11.23,12:00,-0.3548176922177277,-0.3543440414031926,-0.3552911187933753,1.48098,2.11176,0.9549696273118541,0.873099202465,-0.35608328230239794,0.0011090341547235795,100,0.001,0.9,0,0,0,0
261,EURAUD,GBPAUD,2015.11.23,12:15,-0.3546789825593098,-0.35420477921203225,-0.35515296114435163,1.47946,2.1093,0.9530182825892317,0.893117460597,-0.35605929957000315,0.0011102231501325787,100,0.001,0.9,0,0,0,0
262,EURAUD,GBPAUD,2015.11.23,12:30,-0.3547896907974341,-0.3543156200856508,-0.35526353687266693,1.47971,2.10989,0.9519062307106643,0.869337370506,-0.35602556100693744,0.001100248805323564,100,0.001,0.9,0,0,0,0
263,EURAUD,GBPAUD,2015.11.23,12:45,-0.35485392586333125,-0.3543800393692316,-0.35532758789538693,1.48019,2.11071,0.9508336813392303,0.851931539963,-0.35599584833303227,0.0010930066189037523,100,0.001,0.9,0,0,0,0
